{
  "net.minecraftforge.event.entity.player.PlayerEvent$LoadFromFile": "net.minecraftforge.event.entity.player.PlayerEvent$LoadFromFile",
  "net.minecraftforge.client.event.EntityViewRenderEvent$FogColors": "net.minecraftforge.client.event.EntityViewRenderEvent$FogColors",
  "mcp.mobius.waila.api.event.WailaRenderEvent$Color": "mcp.mobius.waila.api.event.WailaRenderEvent$Color",
  "net.minecraftforge.event.furnace.FurnaceFuelBurnTimeEvent": "net.minecraftforge.event.furnace.FurnaceFuelBurnTimeEvent",
  "net.minecraftforge.event.world.ChunkWatchEvent$UnWatch": "net.minecraftforge.event.world.ChunkWatchEvent$UnWatch",
  "net.minecraftforge.event.village.VillagerTradesEvent": "net.minecraftforge.event.village.VillagerTradesEvent",
  "net.minecraftforge.event.entity.player.PlayerEvent$HarvestCheck": "net.minecraftforge.event.entity.player.PlayerEvent$HarvestCheck",
  "net.minecraftforge.event.AddReloadListenerEvent": "net.minecraftforge.event.AddReloadListenerEvent",
  "io.github.noeppi_noeppi.libx.event.RandomTickEvent$Fluid": "io.github.noeppi_noeppi.libx.event.RandomTickEvent$Fluid",
  "plus.dragons.createenchantmentindustry.api.event.FillCreateItemGroupEvent": "plus.dragons.createenchantmentindustry.api.event.FillCreateItemGroupEvent",
  "net.minecraftforge.event.entity.player.PlayerEvent$StopTracking": "net.minecraftforge.event.entity.player.PlayerEvent$StopTracking",
  "net.minecraftforge.client.event.InputEvent$MouseInputEvent": "net.minecraftforge.client.event.InputEvent$MouseInputEvent",
  "io.github.noeppi_noeppi.libx.event.ConfigLoadedEvent": "io.github.noeppi_noeppi.libx.event.ConfigLoadedEvent",
  "io.github.noeppi_noeppi.libx.event.RandomTickEvent$Block": "io.github.noeppi_noeppi.libx.event.RandomTickEvent$Block",
  "net.minecraftforge.client.event.ScreenEvent$DrawScreenEvent$Post": "net.minecraftforge.client.event.ScreenEvent$DrawScreenEvent$Post",
  "net.minecraftforge.client.event.EntityViewRenderEvent$CameraSetup": "net.minecraftforge.client.event.EntityViewRenderEvent$CameraSetup",
  "net.minecraftforge.event.entity.living.LivingDamageEvent": "net.minecraftforge.event.entity.living.LivingDamageEvent",
  "net.minecraftforge.client.event.RenderHandEvent": "net.minecraftforge.client.event.RenderHandEvent",
  "net.minecraftforge.event.RegisterCommandsEvent": "net.minecraftforge.event.RegisterCommandsEvent",
  "net.minecraftforge.event.world.BlockEvent$FluidPlaceBlockEvent": "net.minecraftforge.event.world.BlockEvent$FluidPlaceBlockEvent",
  "de.maxhenkel.voicechat.events.ClientVoiceChatDisconnectedEvent": "de.maxhenkel.voicechat.events.ClientVoiceChatDisconnectedEvent",
  "net.minecraftforge.event.entity.living.LivingSpawnEvent$AllowDespawn": "net.minecraftforge.event.entity.living.LivingSpawnEvent$AllowDespawn",
  "net.minecraftforge.event.entity.player.PlayerEvent$PlayerLoggedInEvent": "net.minecraftforge.event.entity.player.PlayerEvent$PlayerLoggedInEvent",
  "net.minecraftforge.event.entity.living.LivingHealEvent": "net.minecraftforge.event.entity.living.LivingHealEvent",
  "squeek.appleskin.api.event.HUDOverlayEvent$Exhaustion": "squeek.appleskin.api.event.HUDOverlayEvent$Exhaustion",
  "slimeknights.tconstruct.library.modifiers.ModifierManager$ModifiersLoadedEvent": "slimeknights.tconstruct.library.modifiers.ModifierManager$ModifiersLoadedEvent",
  "com.simibubi.create.api.event.TileEntityBehaviourEvent": "com.simibubi.create.api.event.TileEntityBehaviourEvent",
  "net.minecraftforge.client.event.RenderLivingEvent$Pre": "net.minecraftforge.client.event.RenderLivingEvent$Pre",
  "net.minecraftforge.event.world.ChunkWatchEvent$Watch": "net.minecraftforge.event.world.ChunkWatchEvent$Watch",
  "net.minecraftforge.event.server.ServerStartedEvent": "net.minecraftforge.event.server.ServerStartedEvent",
  "net.minecraftforge.client.event.RenderNameplateEvent": "net.minecraftforge.client.event.RenderNameplateEvent",
  "net.minecraftforge.client.event.ScreenEvent$MouseClickedEvent$Pre": "net.minecraftforge.client.event.ScreenEvent$MouseClickedEvent$Pre",
  "net.minecraftforge.client.event.EntityViewRenderEvent$RenderFogEvent": "net.minecraftforge.client.event.EntityViewRenderEvent$RenderFogEvent",
  "net.minecraftforge.event.entity.EntityJoinWorldEvent": "net.minecraftforge.event.entity.EntityJoinWorldEvent",
  "net.minecraftforge.event.TagsUpdatedEvent": "net.minecraftforge.event.TagsUpdatedEvent",
  "net.minecraftforge.event.entity.living.LivingEvent$LivingVisibilityEvent": "net.minecraftforge.event.entity.living.LivingEvent$LivingVisibilityEvent",
  "net.minecraftforge.client.event.ScreenEvent$MouseReleasedEvent$Post": "net.minecraftforge.client.event.ScreenEvent$MouseReleasedEvent$Post",
  "net.minecraftforge.event.world.WorldEvent$PotentialSpawns": "net.minecraftforge.event.world.WorldEvent$PotentialSpawns",
  "net.minecraftforge.event.entity.player.ItemTooltipEvent": "net.minecraftforge.event.entity.player.ItemTooltipEvent",
  "net.minecraftforge.event.entity.living.LivingGetProjectileEvent": "net.minecraftforge.event.entity.living.LivingGetProjectileEvent",
  "net.minecraftforge.event.entity.EntityLeaveWorldEvent": "net.minecraftforge.event.entity.EntityLeaveWorldEvent",
  "net.minecraftforge.client.event.ScreenEvent$KeyboardKeyReleasedEvent$Pre": "net.minecraftforge.client.event.ScreenEvent$KeyboardKeyReleasedEvent$Pre",
  "com.github.alexthe666.citadel.client.event.EventPosePlayerHand": "com.github.alexthe666.citadel.client.event.EventPosePlayerHand",
  "net.minecraftforge.client.event.RegisterClientCommandsEvent": "net.minecraftforge.client.event.RegisterClientCommandsEvent",
  "net.minecraftforge.event.TickEvent$WorldTickEvent": "net.minecraftforge.event.TickEvent$WorldTickEvent",
  "net.minecraftforge.event.DifficultyChangeEvent": "net.minecraftforge.event.DifficultyChangeEvent",
  "de.maxhenkel.voicechat.events.ServerVoiceChatConnectedEvent": "de.maxhenkel.voicechat.events.ServerVoiceChatConnectedEvent",
  "net.minecraftforge.client.event.DrawSelectionEvent$HighlightBlock": "net.minecraftforge.client.event.DrawSelectionEvent$HighlightBlock",
  "net.minecraftforge.event.entity.player.PlayerInteractEvent$LeftClickBlock": "net.minecraftforge.event.entity.player.PlayerInteractEvent$LeftClickBlock",
  "net.minecraftforge.client.event.RenderGameOverlayEvent$PostLayer": "net.minecraftforge.client.event.RenderGameOverlayEvent$PostLayer",
  "net.minecraftforge.event.entity.EntityMobGriefingEvent": "net.minecraftforge.event.entity.EntityMobGriefingEvent",
  "net.minecraftforge.client.event.InputEvent$ClickInputEvent": "net.minecraftforge.client.event.InputEvent$ClickInputEvent",
  "net.minecraftforge.event.world.WorldEvent$Load": "net.minecraftforge.event.world.WorldEvent$Load",
  "net.minecraftforge.client.event.ClientChatEvent": "net.minecraftforge.client.event.ClientChatEvent",
  "net.minecraftforge.client.event.RenderGameOverlayEvent$Post": "net.minecraftforge.client.event.RenderGameOverlayEvent$Post",
  "com.github.alexthe666.citadel.client.event.EventGetStarBrightness": "com.github.alexthe666.citadel.client.event.EventGetStarBrightness",
  "net.minecraftforge.event.entity.PlaySoundAtEntityEvent": "net.minecraftforge.event.entity.PlaySoundAtEntityEvent",
  "net.minecraftforge.event.OnDatapackSyncEvent": "net.minecraftforge.event.OnDatapackSyncEvent",
  "net.minecraftforge.event.entity.living.LivingSpawnEvent$CheckSpawn": "net.minecraftforge.event.entity.living.LivingSpawnEvent$CheckSpawn",
  "net.minecraftforge.client.event.ScreenEvent$MouseClickedEvent$Post": "net.minecraftforge.client.event.ScreenEvent$MouseClickedEvent$Post",
  "de.maxhenkel.voicechat.events.VoiceChatCompatibilityCheckSucceededEvent": "de.maxhenkel.voicechat.events.VoiceChatCompatibilityCheckSucceededEvent",
  "net.minecraftforge.event.server.ServerAboutToStartEvent": "net.minecraftforge.event.server.ServerAboutToStartEvent",
  "mcp.mobius.waila.api.event.WailaRayTraceEvent": "mcp.mobius.waila.api.event.WailaRayTraceEvent",
  "mcp.mobius.waila.api.event.WailaTooltipEvent": "mcp.mobius.waila.api.event.WailaTooltipEvent",
  "net.minecraftforge.event.entity.EntityEvent$EntityConstructing": "net.minecraftforge.event.entity.EntityEvent$EntityConstructing",
  "net.minecraftforge.client.event.ScreenOpenEvent": "net.minecraftforge.client.event.ScreenOpenEvent",
  "net.minecraftforge.client.event.RenderArmEvent": "net.minecraftforge.client.event.RenderArmEvent",
  "net.minecraftforge.event.entity.living.LivingDestroyBlockEvent": "net.minecraftforge.event.entity.living.LivingDestroyBlockEvent",
  "net.minecraftforge.client.event.RenderLevelLastEvent": "net.minecraftforge.client.event.RenderLevelLastEvent",
  "net.minecraftforge.client.event.EntityViewRenderEvent$FogDensity": "net.minecraftforge.client.event.EntityViewRenderEvent$FogDensity",
  "net.minecraftforge.event.village.WandererTradesEvent": "net.minecraftforge.event.village.WandererTradesEvent",
  "net.minecraftforge.client.event.ScreenEvent$MouseDragEvent$Post": "net.minecraftforge.client.event.ScreenEvent$MouseDragEvent$Post",
  "net.minecraftforge.event.entity.living.LivingDeathEvent": "net.minecraftforge.event.entity.living.LivingDeathEvent",
  "net.minecraftforge.event.TickEvent$RenderTickEvent": "net.minecraftforge.event.TickEvent$RenderTickEvent",
  "net.minecraftforge.event.entity.EntityEvent$Size": "net.minecraftforge.event.entity.EntityEvent$Size",
  "net.minecraftforge.client.event.ClientPlayerNetworkEvent$LoggedInEvent": "net.minecraftforge.client.event.ClientPlayerNetworkEvent$LoggedInEvent",
  "net.minecraftforge.client.event.FOVModifierEvent": "net.minecraftforge.client.event.FOVModifierEvent",
  "net.minecraftforge.event.entity.living.LivingDropsEvent": "net.minecraftforge.event.entity.living.LivingDropsEvent",
  "net.minecraftforge.event.world.ChunkEvent$Load": "net.minecraftforge.event.world.ChunkEvent$Load",
  "net.minecraftforge.event.world.BlockEvent$BreakEvent": "net.minecraftforge.event.world.BlockEvent$BreakEvent",
  "net.minecraftforge.event.world.ChunkDataEvent$Load": "net.minecraftforge.event.world.ChunkDataEvent$Load",
  "net.minecraftforge.client.event.RecipesUpdatedEvent": "net.minecraftforge.client.event.RecipesUpdatedEvent",
  "net.minecraftforge.event.world.BiomeLoadingEvent": "net.minecraftforge.event.world.BiomeLoadingEvent",
  "net.minecraftforge.event.RegistryEvent$IdMappingEvent": "net.minecraftforge.event.RegistryEvent$IdMappingEvent",
  "net.minecraftforge.event.entity.living.LivingSpawnEvent$SpecialSpawn": "net.minecraftforge.event.entity.living.LivingSpawnEvent$SpecialSpawn",
  "net.minecraftforge.client.event.MovementInputUpdateEvent": "net.minecraftforge.client.event.MovementInputUpdateEvent",
  "net.minecraftforge.client.event.ScreenEvent$MouseDragEvent$Pre": "net.minecraftforge.client.event.ScreenEvent$MouseDragEvent$Pre",
  "net.minecraftforge.client.event.ScreenEvent$MouseReleasedEvent$Pre": "net.minecraftforge.client.event.ScreenEvent$MouseReleasedEvent$Pre",
  "com.jozufozu.flywheel.event.BeginFrameEvent": "com.jozufozu.flywheel.event.BeginFrameEvent",
  "net.minecraftforge.event.entity.living.LivingAttackEvent": "net.minecraftforge.event.entity.living.LivingAttackEvent",
  "net.minecraftforge.client.event.RenderGameOverlayEvent$Chat": "net.minecraftforge.client.event.RenderGameOverlayEvent$Chat",
  "net.minecraftforge.client.event.RenderLevelStageEvent": "net.minecraftforge.client.event.RenderLevelStageEvent",
  "net.minecraftforge.client.event.ClientPlayerNetworkEvent$LoggedOutEvent": "net.minecraftforge.client.event.ClientPlayerNetworkEvent$LoggedOutEvent",
  "net.minecraftforge.event.entity.player.PlayerNegotiationEvent": "net.minecraftforge.event.entity.player.PlayerNegotiationEvent",
  "net.minecraftforge.client.event.ScreenEvent$DrawScreenEvent$Pre": "net.minecraftforge.client.event.ScreenEvent$DrawScreenEvent$Pre",
  "net.minecraftforge.client.event.ScreenEvent$KeyboardKeyPressedEvent$Post": "net.minecraftforge.client.event.ScreenEvent$KeyboardKeyPressedEvent$Post",
  "net.minecraftforge.server.permission.events.PermissionGatherEvent$Nodes": "net.minecraftforge.server.permission.events.PermissionGatherEvent$Nodes",
  "com.jozufozu.flywheel.event.RenderLayerEvent": "com.jozufozu.flywheel.event.RenderLayerEvent",
  "net.minecraftforge.event.TickEvent$PlayerTickEvent": "net.minecraftforge.event.TickEvent$PlayerTickEvent",
  "net.minecraftforge.server.permission.events.PermissionGatherEvent$Handler": "net.minecraftforge.server.permission.events.PermissionGatherEvent$Handler",
  "net.minecraftforge.event.entity.player.PlayerEvent$TabListNameFormat": "net.minecraftforge.event.entity.player.PlayerEvent$TabListNameFormat",
  "net.minecraftforge.event.entity.living.LootingLevelEvent": "net.minecraftforge.event.entity.living.LootingLevelEvent",
  "net.minecraftforge.event.entity.living.LivingEvent$LivingJumpEvent": "net.minecraftforge.event.entity.living.LivingEvent$LivingJumpEvent",
  "net.minecraftforge.event.entity.player.PlayerFlyableFallEvent": "net.minecraftforge.event.entity.player.PlayerFlyableFallEvent",
  "net.minecraftforge.event.entity.player.PlayerEvent$StartTracking": "net.minecraftforge.event.entity.player.PlayerEvent$StartTracking",
  "net.minecraftforge.client.event.InputEvent$KeyInputEvent": "net.minecraftforge.client.event.InputEvent$KeyInputEvent",
  "slimeknights.tconstruct.library.events.MaterialsLoadedEvent": "slimeknights.tconstruct.library.events.MaterialsLoadedEvent",
  "net.minecraftforge.event.LootTableLoadEvent": "net.minecraftforge.event.LootTableLoadEvent",
  "net.minecraftforge.client.event.RenderGameOverlayEvent$PreLayer": "net.minecraftforge.client.event.RenderGameOverlayEvent$PreLayer",
  "net.minecraftforge.client.event.ScreenEvent$KeyboardCharTypedEvent$Pre": "net.minecraftforge.client.event.ScreenEvent$KeyboardCharTypedEvent$Pre",
  "net.minecraftforge.event.entity.player.PlayerEvent$NameFormat": "net.minecraftforge.event.entity.player.PlayerEvent$NameFormat",
  "net.minecraftforge.client.event.EntityViewRenderEvent$FieldOfView": "net.minecraftforge.client.event.EntityViewRenderEvent$FieldOfView",
  "net.minecraftforge.client.event.ScreenEvent$InitScreenEvent$Pre": "net.minecraftforge.client.event.ScreenEvent$InitScreenEvent$Pre",
  "net.minecraftforge.client.event.RenderGameOverlayEvent$Pre": "net.minecraftforge.client.event.RenderGameOverlayEvent$Pre",
  "squeek.appleskin.api.event.HUDOverlayEvent$Saturation": "squeek.appleskin.api.event.HUDOverlayEvent$Saturation",
  "net.minecraftforge.event.entity.living.LivingEquipmentChangeEvent": "net.minecraftforge.event.entity.living.LivingEquipmentChangeEvent",
  "net.minecraftforge.event.TickEvent$ClientTickEvent": "net.minecraftforge.event.TickEvent$ClientTickEvent",
  "com.ferreusveritas.dynamictrees.event.PoissonDiscProviderCreateEvent": "com.ferreusveritas.dynamictrees.event.PoissonDiscProviderCreateEvent",
  "mcp.mobius.waila.api.event.WailaRenderEvent$Pre": "mcp.mobius.waila.api.event.WailaRenderEvent$Pre",
  "net.minecraftforge.event.world.BlockEvent$CreateFluidSourceEvent": "net.minecraftforge.event.world.BlockEvent$CreateFluidSourceEvent",
  "net.minecraftforge.client.event.sound.PlaySoundEvent": "net.minecraftforge.client.event.sound.PlaySoundEvent",
  "com.jozufozu.flywheel.event.ReloadRenderersEvent": "com.jozufozu.flywheel.event.ReloadRenderersEvent",
  "net.minecraftforge.event.server.ServerStartingEvent": "net.minecraftforge.event.server.ServerStartingEvent",
  "net.minecraftforge.event.entity.EntityMountEvent": "net.minecraftforge.event.entity.EntityMountEvent",
  "net.minecraftforge.client.event.InputEvent$RawMouseEvent": "net.minecraftforge.client.event.InputEvent$RawMouseEvent",
  "net.minecraftforge.event.world.WorldEvent$Unload": "net.minecraftforge.event.world.WorldEvent$Unload",
  "net.minecraftforge.event.VanillaGameEvent": "net.minecraftforge.event.VanillaGameEvent",
  "net.minecraftforge.event.world.BlockEvent$CropGrowEvent$Pre": "net.minecraftforge.event.world.BlockEvent$CropGrowEvent$Pre",
  "net.minecraftforge.event.CommandEvent": "net.minecraftforge.event.CommandEvent",
  "net.minecraftforge.client.event.ScreenEvent$BackgroundDrawnEvent": "net.minecraftforge.client.event.ScreenEvent$BackgroundDrawnEvent",
  "net.minecraftforge.client.event.RenderLivingEvent$Post": "net.minecraftforge.client.event.RenderLivingEvent$Post",
  "net.minecraftforge.event.TickEvent$ServerTickEvent": "net.minecraftforge.event.TickEvent$ServerTickEvent",
  "net.minecraftforge.client.event.RenderGameOverlayEvent$Text": "net.minecraftforge.client.event.RenderGameOverlayEvent$Text",
  "net.minecraftforge.client.event.ScreenEvent$KeyboardKeyReleasedEvent$Post": "net.minecraftforge.client.event.ScreenEvent$KeyboardKeyReleasedEvent$Post",
  "net.minecraftforge.event.entity.EntityEvent$EnteringSection": "net.minecraftforge.event.entity.EntityEvent$EnteringSection",
  "net.minecraftforge.event.AttachCapabilitiesEvent": "net.minecraftforge.event.AttachCapabilitiesEvent",
  "net.minecraftforge.event.ItemAttributeModifierEvent": "net.minecraftforge.event.ItemAttributeModifierEvent",
  "de.maxhenkel.voicechat.events.ClientVoiceChatConnectedEvent": "de.maxhenkel.voicechat.events.ClientVoiceChatConnectedEvent",
  "net.minecraftforge.event.entity.living.LivingHurtEvent": "net.minecraftforge.event.entity.living.LivingHurtEvent",
  "net.minecraftforge.client.event.ScreenEvent$KeyboardKeyPressedEvent$Pre": "net.minecraftforge.client.event.ScreenEvent$KeyboardKeyPressedEvent$Pre",
  "net.minecraftforge.client.event.sound.PlaySoundSourceEvent": "net.minecraftforge.client.event.sound.PlaySoundSourceEvent",
  "net.minecraftforge.event.entity.living.PotionEvent$PotionRemoveEvent": "net.minecraftforge.event.entity.living.PotionEvent$PotionRemoveEvent",
  "net.minecraftforge.event.entity.living.LivingFallEvent": "net.minecraftforge.event.entity.living.LivingFallEvent",
  "net.minecraftforge.event.world.BlockEvent$NeighborNotifyEvent": "net.minecraftforge.event.world.BlockEvent$NeighborNotifyEvent",
  "net.minecraftforge.client.event.ScreenEvent$InitScreenEvent$Post": "net.minecraftforge.client.event.ScreenEvent$InitScreenEvent$Post",
  "net.blay09.mods.waystones.api.KnownWaystonesEvent": "net.blay09.mods.waystones.api.KnownWaystonesEvent",
  "net.minecraftforge.event.entity.living.LivingEvent$LivingUpdateEvent": "net.minecraftforge.event.entity.living.LivingEvent$LivingUpdateEvent",
  "slimeknights.tconstruct.library.events.ToolEquipmentChangeEvent": "slimeknights.tconstruct.library.events.ToolEquipmentChangeEvent",
  "mcp.mobius.waila.api.event.WailaRenderEvent$Post": "mcp.mobius.waila.api.event.WailaRenderEvent$Post"
}
